{
  "num_actions": 2,
  "num_cond": 4,
  "img_size": 64,
  "num_steps_denoising": 3,
  "sigmas": [
    4.999998569488525,
    0.28308171033859253,
    0.0019999975338578224,
    0.0
  ],
  "lstm_dim": 512
}